Element,  Total(W), Total(var),  I2R(W), I2X(var), No-load(W), No-load(var)
Line.LINE1, 10.29211, 1.608276, 10.29211, 1.608276, 0, 0
Line.LINE2, 1.078984, 0.1686053, 1.078984, 0.1686053, 0, 0
Line.LINE3, 1.010839, 0.1579567, 1.010839, 0.1579567, 0, 0
Line.LINE4, 0.8813061, 0.1377156, 0.8813061, 0.1377156, 0, 0
Line.LINE5, 1.388403, 0.2169561, 1.388403, 0.2169561, 0, 0
Line.LINE6, 94.54396, 14.77373, 94.54396, 14.77373, 0, 0
Line.LINE7, 4.23448, 0.6616928, 4.23448, 0.6616928, 0, 0
Line.LINE8, 3.524437, 0.5507393, 3.524437, 0.5507393, 0, 0
Line.LINE9, 3.092975, 0.4833177, 3.092975, 0.4833177, 0, 0
Line.LINE10, 2.307944, 0.3606464, 2.307944, 0.3606464, 0, 0
Line.LINE11, 2.166591, 0.3385582, 2.166591, 0.3385582, 0, 0
Line.LINE12, 1.332256, 0.2081824, 1.332256, 0.2081824, 0, 0
Line.LINE13, 3.31672, 0.5182809, 3.31672, 0.5182809, 0, 0
Line.LINE14, 26.86821, 4.198508, 26.86821, 4.198508, 0, 0
Line.LINE15, 8.899058E-024, 1.757759E-024, 8.899058E-024, 1.757759E-024, 0, 0
Line.LINE16, 32.5823, 5.091409, 32.5823, 5.091409, 0, 0
Line.LINE17, 8.679742E-024, -2.067952E-025, 8.679742E-024, -2.067952E-025, 0, 0
Line.LINE18, 2.241861, 0.35032, 2.241861, 0.35032, 0, 0
Line.LINE19, 3.231174E-027, 0, 3.231174E-027, 0, 0, 0
Line.LINE20, 2.517348, 0.3933685, 2.517348, 0.3933685, 0, 0
Line.LINE21, 3.970467E-023, 1.031391E-023, 3.970467E-023, 1.031391E-023, 0, 0
Line.LINE22, 4.098752, 0.6404835, 4.098752, 0.6404835, 0, 0
Line.LINE23, 9.264423E-023, 8.788794E-025, 9.264423E-023, 8.788794E-025, 0, 0
Line.LINE24, 7.456622, 1.165194, 7.456622, 1.165194, 0, 0
Line.LINE25, 7.940934E-023, 6.82424E-024, 7.940934E-023, 6.82424E-024, 0, 0
Line.LINE26, 0.5638464, 0.04253013, 0.5638464, 0.04253013, 0, 0
Line.LINE27, 85.43067, 13.44781, 85.43067, 13.44781, 0, 0
Line.LINE28, 6.617445E-024, 4.135903E-025, 6.617445E-024, 4.135903E-025, 0, 0
Line.LINE29, 0.03882887, 0.002928806, 0.03882887, 0.002928806, 0, 0
Line.LINE30, 0.03782883, 0.002853375, 0.03782883, 0.002853375, 0, 0
Line.LINE31, 22.743, 3.58002, 22.743, 3.58002, 0, 0
Line.LINE32, 2.38228E-022, 2.248897E-024, 2.38228E-022, 2.248897E-024, 0, 0
Line.LINE33, 0.08892086, 0.006707174, 0.08892086, 0.006707174, 0, 0
Line.LINE34, 0.001281077, 9.662978E-005, 0.001281077, 9.662978E-005, 0, 0
Line.LINE35, 0.5449166, 0.04110228, 0.5449166, 0.04110228, 0, 0
Line.LINE36, 63.35059, 9.994095, 63.35059, 9.994095, 0, 0
Line.LINE37, 1.389663E-022, 1.654361E-024, 1.389663E-022, 1.654361E-024, 0, 0
Line.LINE38, 0.001841956, 0.0001389361, 0.001841956, 0.0001389361, 0, 0
Line.LINE39, 0.009516596, 0.0007178233, 0.009516596, 0.0007178233, 0, 0
Line.LINE40, 0.04297079, 0.003241225, 0.04297079, 0.003241225, 0, 0
Line.LINE41, 43.9611, 6.935237, 43.9611, 6.935237, 0, 0
Line.LINE42, 2.625802E-020, 6.776264E-021, 2.625802E-020, 6.776264E-021, 0, 0
Line.LINE43, 1.058791E-022, 1.406207E-023, 1.058791E-022, 1.406207E-023, 0, 0
Line.LINE44, 0.002362183, 0.0001781761, 0.002362183, 0.0001781761, 0, 0
Line.LINE45, 0.004289415, 0.0003235444, 0.004289415, 0.0003235444, 0, 0
Line.LINE46, 0.1033959, 0.007799001, 0.1033959, 0.007799001, 0, 0
Line.LINE47, 33.21951, 5.24066, 33.21951, 5.24066, 0, 0
Line.LINE48, 1.079967E-020, 1.694066E-021, 1.079967E-020, 1.694066E-021, 0, 0
Line.LINE49, 1.058791E-022, -9.357481E-024, 1.058791E-022, -9.357481E-024, 0, 0
Line.LINE50, 0.005752981, 0.0004339391, 0.005752981, 0.0004339391, 0, 0
Line.LINE51, 0.004545861, 0.0003428878, 0.004545861, 0.0003428878, 0, 0
Line.LINE52, 4.789584, 0.7555976, 4.789584, 0.7555976, 0, 0
Line.LINE53, 1.220257E-020, 8.900463E-022, 1.220257E-020, 8.900463E-022, 0, 0
Line.LINE54, 7.517417E-021, 2.964615E-021, 7.517417E-021, 2.964615E-021, 0, 0
Line.LINE55, 6.617445E-023, -1.033976E-024, 6.617445E-023, -1.033976E-024, 0, 0
Line.LINE56, 0.004925602, 0.0003715311, 0.004925602, 0.0003715311, 0, 0
Line.LINE57, 0.004329618, 0.0003265769, 0.004329618, 0.0003265769, 0, 0
Line.LINE58, 21.69555, 3.422657, 21.69555, 3.422657, 0, 0
Line.LINE59, 8.844112E-022, 3.970467E-022, 8.844112E-022, 3.970467E-022, 0, 0
Line.LINE60, 7.729176E-021, 2.541099E-021, 7.729176E-021, 2.541099E-021, 0, 0
Line.LINE61, 6.617445E-024, -2.274747E-024, 6.617445E-024, -2.274747E-024, 0, 0
Line.LINE62, 0.02361157, 0.001780987, 0.02361157, 0.001780987, 0, 0
Line.LINE63, 0.002593013, 0.0001955873, 0.002593013, 0.0001955873, 0, 0
Line.LINE64, 4.020655, 0.6381446, 4.020655, 0.6381446, 0, 0
Line.LINE65, 0.7798897, 0.05882597, 0.7798897, 0.05882597, 0, 0
Line.LINE66, 1.323489E-021, 2.779327E-022, 1.323489E-021, 2.779327E-022, 0, 0
Line.LINE67, 5.75056E-021, 2.964615E-021, 5.75056E-021, 2.964615E-021, 0, 0
Line.LINE68, 6.617445E-024, 0, 6.617445E-024, 0, 0, 0
Line.LINE69, 0.0834588, 0.006295178, 0.0834588, 0.006295178, 0, 0
Line.LINE70, 0.005087301, 0.0003837279, 0.005087301, 0.0003837279, 0, 0
Line.LINE71, 47.50257, 7.539446, 47.50257, 7.539446, 0, 0
Line.LINE72, 0.09530118, 0.007188432, 0.09530118, 0.007188432, 0, 0
Line.LINE73, 0.09530118, 0.007188432, 0.09530118, 0.007188432, 0, 0
Line.LINE74, 5.426305E-022, 1.19114E-022, 5.426305E-022, 1.19114E-022, 0, 0
Line.LINE75, 1.334077E-020, 3.811648E-021, 1.334077E-020, 3.811648E-021, 0, 0
Line.LINE76, 8.271806E-024, -6.203855E-025, 8.271806E-024, -6.203855E-025, 0, 0
Line.LINE77, 0.02578264, 0.001944748, 0.02578264, 0.001944748, 0, 0
Line.LINE78, 16.55818, 2.628058, 16.55818, 2.628058, 0, 0
Line.LINE79, 5.293956E-023, -1.058791E-022, 5.293956E-023, -1.058791E-022, 0, 0
Line.LINE80, 3.896352E-020, 1.185846E-020, 3.896352E-020, 1.185846E-020, 0, 0
Line.LINE81, 5.790264E-024, 8.271806E-025, 5.790264E-024, 8.271806E-025, 0, 0
Line.LINE82, 0.09715473, 0.007328243, 0.09715473, 0.007328243, 0, 0
Line.LINE83, 3.613538, 0.5735283, 3.613538, 0.5735283, 0, 0
Line.LINE84, 1.588187E-022, 2.497051E-023, 1.588187E-022, 2.497051E-023, 0, 0
Line.LINE85, 7.538593E-020, 2.371692E-020, 7.538593E-020, 2.371692E-020, 0, 0
Line.LINE86, 1.250464E-024, 0, 1.250464E-024, 0, 0, 0
Line.LINE87, 7.327685, 1.163025, 7.327685, 1.163025, 0, 0
Line.LINE88, 2.646978E-023, 5.293956E-023, 2.646978E-023, 5.293956E-023, 0, 0
Line.LINE89, 1.884648E-020, 5.082198E-021, 1.884648E-020, 5.082198E-021, 0, 0
Line.LINE90, 1.413639E-025, -8.271806E-025, 1.413639E-025, -8.271806E-025, 0, 0
Line.LINE91, 6.910348, 1.096787, 6.910348, 1.096787, 0, 0
Line.LINE92, 4.182225E-021, 1.694066E-021, 4.182225E-021, 1.694066E-021, 0, 0
Line.LINE93, 1.563E-023, -5.583469E-024, 1.563E-023, -5.583469E-024, 0, 0
Line.LINE94, 4.016553, 0.6374936, 4.016553, 0.6374936, 0, 0
Line.LINE95, 2.329341E-021, 8.470329E-022, 2.329341E-021, 8.470329E-022, 0, 0
Line.LINE96, 3.308722E-023, 7.23783E-024, 3.308722E-023, 7.23783E-024, 0, 0
Line.LINE97, 2.652634, 0.4210169, 2.652634, 0.4210169, 0, 0
Line.LINE98, 5.293956E-022, 4.235165E-022, 5.293956E-022, 4.235165E-022, 0, 0
Line.LINE99, 1.323489E-023, 2.067952E-024, 1.323489E-023, 2.067952E-024, 0, 0
Line.LINE100, 3.662547, 0.581307, 3.662547, 0.581307, 0, 0
Line.LINE101, 3.695181E-020, 1.461132E-020, 3.695181E-020, 1.461132E-020, 0, 0
Line.LINE102, 2.780829E-024, -2.067952E-025, 2.780829E-024, -2.067952E-025, 0, 0
Line.LINE103, 0.008608299, 0.005560847, 0.008608299, 0.005560847, 0, 0
Line.LINE104, 1.876112, 0.2964741, 1.876112, 0.2964741, 0, 0
Line.LINE105, 1.694066E-021, 4.235165E-022, 1.694066E-021, 4.235165E-022, 0, 0
Line.LINE106, 0.01041485, 0.006727857, 0.01041485, 0.006727857, 0, 0
Line.LINE107, 1.063848, 0.1681155, 1.063848, 0.1681155, 0, 0
Line.LINE108, 4.023406E-021, 1.905824E-021, 4.023406E-021, 1.905824E-021, 0, 0
Line.LINE109, 0.01207156, 0.007798067, 0.01207156, 0.007798067, 0, 0
Line.LINE110, 41.97662, 6.633391, 41.97662, 6.633391, 0, 0
Line.LINE111, 1.06832E-019, 4.383396E-020, 1.06832E-019, 4.383396E-020, 0, 0
Line.LINE112, 0.01840554, 0.01188974, 0.01840554, 0.01188974, 0, 0
Line.LINE113, 4.205143, 0.6645214, 4.205143, 0.6645214, 0, 0
Line.LINE114, 9.465593E-020, 3.854E-020, 9.465593E-020, 3.854E-020, 0, 0
Line.LINE115, 0.02366282, 0.01528587, 0.02366282, 0.01528587, 0, 0
Line.LINE116, 0.0196387, 0.01364299, 0.0196387, 0.01364299, 0, 0
Line.LINE117, 10.00306, 2.61294, 10.00306, 2.61294, 0, 0
Line.LINE118, 8.152692E-021, 3.59989E-021, 8.152692E-021, 3.59989E-021, 0, 0
Line.LINE119, 0.01698764, 0.01097379, 0.01698764, 0.01097379, 0, 0
Line.LINE120, 1.323489E-022, 3.089003E-024, 1.323489E-022, 3.089003E-024, 0, 0
Line.LINE121, 0.009561966, 0.006642688, 0.009561966, 0.006642688, 0, 0
Line.LINE122, 18.03923, 4.712098, 18.03923, 4.712098, 0, 0
Line.LINE123, 6.882143E-021, 2.752857E-021, 6.882143E-021, 2.752857E-021, 0, 0
Line.LINE124, 0.02400342, 0.01550589, 0.02400342, 0.01550589, 0, 0
Line.LINE125, 1.588187E-022, 9.952017E-025, 1.588187E-022, 9.952017E-025, 0, 0
Line.LINE126, 0.04491891, 0.03120512, 0.04491891, 0.03120512, 0, 0
Line.LINE127, 8.112234, 2.119029, 8.112234, 2.119029, 0, 0
Line.LINE128, 5.399835E-021, 2.117582E-021, 5.399835E-021, 2.117582E-021, 0, 0
Line.LINE129, 0.02596997, 0.01677626, 0.02596997, 0.01677626, 0, 0
Line.LINE130, 5.293956E-023, 1.033976E-025, 5.293956E-023, 1.033976E-025, 0, 0
Line.LINE131, 0.089683, 0.00676466, 0.089683, 0.00676466, 0, 0
Line.LINE132, 0.1480564, 0.08006539, 0.1480564, 0.08006539, 0, 0
Line.LINE133, 2.413613, 0.6304693, 2.413613, 0.6304693, 0, 0
Line.LINE134, 1.789357E-020, 7.19978E-021, 1.789357E-020, 7.19978E-021, 0, 0
Line.LINE135, 0.02449177, 0.01582136, 0.02449177, 0.01582136, 0, 0
Line.LINE136, 9.264423E-023, 1.081797E-023, 9.264423E-023, 1.081797E-023, 0, 0
Line.LINE137, 0.007723459, 0.0005825695, 0.007723459, 0.0005825695, 0, 0
Line.LINE138, 0.1101461, 0.0595644, 0.1101461, 0.0595644, 0, 0
Line.LINE139, 2.724491, 0.7116752, 2.724491, 0.7116752, 0, 0
Line.LINE140, 1.312901E-020, 5.505714E-021, 1.312901E-020, 5.505714E-021, 0, 0
Line.LINE141, 0.04026838, 0.02601284, 0.04026838, 0.02601284, 0, 0
Line.LINE142, 2.316106E-023, -2.791735E-024, 2.316106E-023, -2.791735E-024, 0, 0
Line.LINE143, 0.007578181, 0.0005716113, 0.007578181, 0.0005716113, 0, 0
Line.LINE144, 0.07376212, 0.03988881, 0.07376212, 0.03988881, 0, 0
Line.LINE145, 2.562334, 0.6693175, 2.562334, 0.6693175, 0, 0
Line.LINE146, 1.958764E-021, 6.352747E-022, 1.958764E-021, 6.352747E-022, 0, 0
Line.LINE147, 0.1914673, 0.1236854, 0.1914673, 0.1236854, 0, 0
Line.LINE148, 8.602678E-023, -3.929108E-024, 8.602678E-023, -3.929108E-024, 0, 0
Line.LINE149, 0.00611906, 0.0004615519, 0.00611906, 0.0004615519, 0, 0
Line.LINE150, 0.0480907, 0.02041678, 0.0480907, 0.02041678, 0, 0
Line.LINE151, 0.4822484, 0.03637531, 0.4822484, 0.03637531, 0, 0
Line.LINE152, 2.989755, 0.7809657, 2.989755, 0.7809657, 0, 0
Line.LINE153, 5.926749E-022, 2.117582E-022, 5.926749E-022, 2.117582E-022, 0, 0
Line.LINE154, 0.04171016, 0.02694421, 0.04171016, 0.02694421, 0, 0
Line.LINE155, 1.455838E-022, 1.460491E-024, 1.455838E-022, 1.460491E-024, 0, 0
Line.LINE156, 0.009184223, 0.0006927528, 0.009184223, 0.0006927528, 0, 0
Line.LINE157, 0.1275394, 0.05414651, 0.1275394, 0.05414651, 0, 0
Line.LINE158, 0.02935274, 0.002214035, 0.02935274, 0.002214035, 0, 0
Line.LINE159, 0.8602864, 0.2247188, 0.8602864, 0.2247188, 0, 0
Line.LINE160, 1.588187E-022, 6.617445E-023, 1.588187E-022, 6.617445E-023, 0, 0
Line.LINE161, 0.2765318, 0.0208584, 0.2765318, 0.0208584, 0, 0
Line.LINE162, 0.09400068, 0.06530959, 0.09400068, 0.06530959, 0, 0
Line.LINE163, 7.279189E-023, 7.754818E-025, 7.279189E-023, 7.754818E-025, 0, 0
Line.LINE164, 0.01107261, 0.0008351909, 0.01107261, 0.0008351909, 0, 0
Line.LINE165, 0.04430141, 0.01880804, 0.04430141, 0.01880804, 0, 0
Line.LINE166, 0.02681528, 0.002022638, 0.02681528, 0.002022638, 0, 0
Line.LINE167, 4.887425, 1.276664, 4.887425, 1.276664, 0, 0
Line.LINE168, 6.751862E-023, -9.926167E-023, 6.751862E-023, -9.926167E-023, 0, 0
Line.LINE169, 0.05224153, 0.003940504, 0.05224153, 0.003940504, 0, 0
Line.LINE170, 0.1247958, 0.08670539, 0.1247958, 0.08670539, 0, 0
Line.LINE171, 2.646978E-023, -6.203855E-025, 2.646978E-023, -6.203855E-025, 0, 0
Line.LINE172, 0.008365125, 0.0006309694, 0.008365125, 0.0006309694, 0, 0
Line.LINE173, 1.719477E-019, 9.105604E-020, 1.719477E-019, 9.105604E-020, 0, 0
Line.LINE174, 0.3987134, 0.03007438, 0.3987134, 0.03007438, 0, 0
Line.LINE175, 0.01113944, 0.0008402317, 0.01113944, 0.0008402317, 0, 0
Line.LINE176, 2.760447, 0.7210674, 2.760447, 0.7210674, 0, 0
Line.LINE177, 0.1077848, 0.008130055, 0.1077848, 0.008130055, 0, 0
Line.LINE178, 0.01607214, 0.008245429, 0.01607214, 0.008245429, 0, 0
Line.LINE179, 0.2300636, 0.01735337, 0.2300636, 0.01735337, 0, 0
Line.LINE180, 6.617445E-024, 1.81592E-024, 6.617445E-024, 1.81592E-024, 0, 0
Line.LINE181, 0.009679906, 0.0007301415, 0.009679906, 0.0007301415, 0, 0
Line.LINE182, 2.795209E-020, 1.503483E-020, 2.795209E-020, 1.503483E-020, 0, 0
Line.LINE183, 0.04306143, 0.003248062, 0.04306143, 0.003248062, 0, 0
Line.LINE184, 0.02401092, 0.001811109, 0.02401092, 0.001811109, 0, 0
Line.LINE185, 2.049156, 0.5352682, 2.049156, 0.5352682, 0, 0
Line.LINE186, 0.06324818, 0.03244798, 0.06324818, 0.03244798, 0, 0
Line.LINE187, 0.9521844, 0.07182191, 0.9521844, 0.07182191, 0, 0
Line.LINE188, 1.570684E-023, -2.584939E-025, 1.570684E-023, -2.584939E-025, 0, 0
Line.LINE189, 0.009101609, 0.0006865213, 0.009101609, 0.0006865213, 0, 0
Line.LINE190, 7.940934E-023, 3.474159E-023, 7.940934E-023, 3.474159E-023, 0, 0
Line.LINE191, 1.143494E-020, 5.505714E-021, 1.143494E-020, 5.505714E-021, 0, 0
Line.LINE192, 0.04165225, 0.00314177, 0.04165225, 0.00314177, 0, 0
Line.LINE193, 0.06115553, 0.004612874, 0.06115553, 0.004612874, 0, 0
Line.LINE194, 1.842287, 0.481231, 1.842287, 0.481231, 0, 0
Line.LINE195, 0.1129266, 0.05793429, 0.1129266, 0.05793429, 0, 0
Line.LINE196, 0.04652636, 0.003509417, 0.04652636, 0.003509417, 0, 0
Line.LINE197, 0.02688862, 0.00202817, 0.02688862, 0.00202817, 0, 0
Line.LINE198, 9.926167E-024, 8.788794E-025, 9.926167E-024, 8.788794E-025, 0, 0
Line.LINE199, 0.009792796, 0.0007386566, 0.009792796, 0.0007386566, 0, 0
Line.LINE200, 4.301339E-023, 3.308722E-023, 4.301339E-023, 3.308722E-023, 0, 0
Line.LINE201, 6.776264E-021, 3.176374E-021, 6.776264E-021, 3.176374E-021, 0, 0
Line.LINE202, 0.03331763, 0.002513101, 0.03331763, 0.002513101, 0, 0
Line.LINE203, 0.03587964, 0.00270635, 0.03587964, 0.00270635, 0, 0
Line.LINE204, 2.288643, 0.5978255, 2.288643, 0.5978255, 0, 0
Line.LINE205, 0.07639234, 0.005762165, 0.07639234, 0.005762165, 0, 0
Line.LINE206, 0.02856003, 0.01212508, 0.02856003, 0.01212508, 0, 0
Line.LINE207, 0.1176301, 0.008872673, 0.1176301, 0.008872673, 0, 0
Line.LINE208, 0.003800733, 0.0002866838, 0.003800733, 0.0002866838, 0, 0
Line.LINE209, 4.135903E-024, -1.033976E-025, 4.135903E-024, -1.033976E-025, 0, 0
Line.LINE210, 0.01497025, 0.001129184, 0.01497025, 0.001129184, 0, 0
Line.LINE211, 8.470329E-021, 2.964615E-021, 8.470329E-021, 2.964615E-021, 0, 0
Line.LINE212, 0.02654012, 0.002001883, 0.02654012, 0.002001883, 0, 0
Line.LINE213, 0.02513022, 0.001895537, 0.02513022, 0.001895537, 0, 0
Line.LINE214, 4.223309, 1.103187, 4.223309, 1.103187, 0, 0
Line.LINE215, 0.2500423, 0.01886033, 0.2500423, 0.01886033, 0, 0
Line.LINE216, 0.05154597, 0.0218837, 0.05154597, 0.0218837, 0, 0
Line.LINE217, 0.003065184, 0.0002312024, 0.003065184, 0.0002312024, 0, 0
Line.LINE218, 2.271919E-028, 0, 2.271919E-028, 0, 0, 0
Line.LINE219, 0.04088214, 0.003083681, 0.04088214, 0.003083681, 0, 0
Line.LINE220, 9.740879E-021, 4.023406E-021, 9.740879E-021, 4.023406E-021, 0, 0
Line.LINE221, 0.05611005, 0.004232301, 0.05611005, 0.004232301, 0, 0
Line.LINE222, 0.04834043, 0.00364625, 0.04834043, 0.00364625, 0, 0
Line.LINE223, 3.682056, 0.9618044, 3.682056, 0.9618044, 0, 0
Line.LINE224, 0.1077891, 0.008130375, 0.1077891, 0.008130375, 0, 0
Line.LINE225, 0.01840479, 0.007813702, 0.01840479, 0.007813702, 0, 0
Line.LINE226, 0.002449535, 0.0001847649, 0.002449535, 0.0001847649, 0, 0
Line.LINE227, 0.003485742, 0.0002629246, 0.003485742, 0.0002629246, 0, 0
Line.LINE228, 1.312901E-020, 4.023406E-021, 1.312901E-020, 4.023406E-021, 0, 0
Line.LINE229, 0.04418801, 0.003333038, 0.04418801, 0.003333038, 0, 0
Line.LINE230, 0.02406073, 0.001814866, 0.02406073, 0.001814866, 0, 0
Line.LINE231, 2.504706, 0.6542643, 2.504706, 0.6542643, 0, 0
Line.LINE232, 1.119454, 0.08443881, 1.119454, 0.08443881, 0, 0
Line.LINE233, 4.632211E-023, 9.926167E-024, 4.632211E-023, 9.926167E-024, 0, 0
Line.LINE234, 0.003739239, 0.0002820455, 0.003739239, 0.0002820455, 0, 0
Line.LINE235, 0.001610032, 0.0001214424, 0.001610032, 0.0001214424, 0, 0
Line.LINE236, 1.228198E-020, 4.076346E-021, 1.228198E-020, 4.076346E-021, 0, 0
Line.LINE237, 0.030651, 0.002311961, 0.030651, 0.002311961, 0, 0
Line.LINE238, 0.0170846, 0.001288667, 0.0170846, 0.001288667, 0, 0
Line.LINE239, 1.645378, 0.4297956, 1.645378, 0.4297956, 0, 0
Line.LINE240, 0.1625692, 0.01226236, 0.1625692, 0.01226236, 0, 0
Line.LINE241, 0.004383141, 0.0003306141, 0.004383141, 0.0003306141, 0, 0
Line.LINE242, 0.001722124, 0.0001298973, 0.001722124, 0.0001298973, 0, 0
Line.LINE243, 7.623297E-021, 2.040655E-021, 7.623297E-021, 2.040655E-021, 0, 0
Line.LINE244, 0.03057798, 0.002306454, 0.03057798, 0.002306454, 0, 0
Line.LINE245, 0.1954406, 0.0147418, 0.1954406, 0.0147418, 0, 0
Line.LINE246, 3.541133, 0.9249933, 3.541133, 0.9249933, 0, 0
Line.LINE247, 0.1247503, 0.009409736, 0.1247503, 0.009409736, 0, 0
Line.LINE248, 0.1247503, 0.009409736, 0.1247503, 0.009409736, 0, 0
Line.LINE249, 0.006732245, 0.0005078036, 0.006732245, 0.0005078036, 0, 0
Line.LINE250, 0.001645565, 0.0001241226, 0.001645565, 0.0001241226, 0, 0
Line.LINE251, 3.176374E-021, 1.149367E-021, 3.176374E-021, 1.149367E-021, 0, 0
Line.LINE252, 0.04473423, 0.003374239, 0.04473423, 0.003374239, 0, 0
Line.LINE253, 0.05763222, 0.004347116, 0.05763222, 0.004347116, 0, 0
Line.LINE254, 0.1065309, 0.008035473, 0.1065309, 0.008035473, 0, 0
Line.LINE255, 2.18603, 0.5760464, 2.18603, 0.5760464, 0, 0
Line.LINE256, 0.02463543, 0.001858216, 0.02463543, 0.001858216, 0, 0
Line.LINE257, 0.00183323, 0.0001382779, 0.00183323, 0.0001382779, 0, 0
Line.LINE258, 4.235165E-022, 3.705769E-022, 4.235165E-022, 3.705769E-022, 0, 0
Line.LINE259, 0.1682477, 0.01269068, 0.1682477, 0.01269068, 0, 0
Line.LINE260, 0.01289404, 0.000972579, 0.01289404, 0.000972579, 0, 0
Line.LINE261, 0.01472629, 0.001110783, 0.01472629, 0.001110783, 0, 0
Line.LINE262, 8.197294, 2.16009, 8.197294, 2.16009, 0, 0
Line.LINE263, 0.1199007, 0.009043937, 0.1199007, 0.009043937, 0, 0
Line.LINE264, 0.003784044, 0.0002854251, 0.003784044, 0.0002854251, 0, 0
Line.LINE265, 2.646978E-022, 1.445498E-022, 2.646978E-022, 1.445498E-022, 0, 0
Line.LINE266, 0.03926917, 0.002962017, 0.03926917, 0.002962017, 0, 0
Line.LINE267, 0.08123744, 0.006127624, 0.08123744, 0.006127624, 0, 0
Line.LINE268, 0.002789207, 0.0002103859, 0.002789207, 0.0002103859, 0, 0
Line.LINE269, 0.006770216, 0.0005106677, 0.006770216, 0.0005106677, 0, 0
Line.LINE270, 0.1006714, 0.007593498, 0.1006714, 0.007593498, 0, 0
Line.LINE271, 2.651013, 0.6922785, 2.651013, 0.6922785, 0, 0
Line.LINE272, 0.003941058, 0.0002972683, 0.003941058, 0.0002972683, 0, 0
Line.LINE273, 2.117582E-022, 2.911676E-022, 2.117582E-022, 2.911676E-022, 0, 0
Line.LINE274, 0.01799023, 0.001356977, 0.01799023, 0.001356977, 0, 0
Line.LINE275, 0.08050913, 0.006072689, 0.08050913, 0.006072689, 0, 0
Line.LINE276, 0.00327017, 0.0002466642, 0.00327017, 0.0002466642, 0, 0
Line.LINE277, 0.008041077, 0.0006065269, 0.008041077, 0.0006065269, 0, 0
Line.LINE278, 0.007317704, 0.0005519639, 0.007317704, 0.0005519639, 0, 0
Line.LINE279, 9.60992, 2.50951, 9.60992, 2.50951, 0, 0
Line.LINE280, 0.01498644, 0.001130406, 0.01498644, 0.001130406, 0, 0
Line.LINE281, 6.335687E-023, 1.058791E-022, 6.335687E-023, 1.058791E-022, 0, 0
Line.LINE282, 0.01182722, 0.0008921101, 0.01182722, 0.0008921101, 0, 0
Line.LINE283, 0.002955324, 0.0002229158, 0.002955324, 0.0002229158, 0, 0
Line.LINE284, 0.01240642, 0.0009357985, 0.01240642, 0.0009357985, 0, 0
Line.LINE285, 0.00603148, 0.0004549459, 0.00603148, 0.0004549459, 0, 0
Line.LINE286, 1.370207, 0.1840516, 1.370207, 0.1840516, 0, 0
Line.LINE287, 0.8904412, 0.2360331, 0.8904412, 0.2360331, 0, 0
Line.LINE288, 0.07956515, 0.006001485, 0.07956515, 0.006001485, 0, 0
Line.LINE289, 2.646978E-023, 1.018466E-023, 2.646978E-023, 1.018466E-023, 0, 0
Line.LINE290, 0.02077046, 0.001566686, 0.02077046, 0.001566686, 0, 0
Line.LINE291, 0.002562273, 0.0001932686, 0.002562273, 0.0001932686, 0, 0
Line.LINE292, 0.002993152, 0.0002257692, 0.002993152, 0.0002257692, 0, 0
Line.LINE293, 0.01105499, 0.0008338622, 0.01105499, 0.0008338622, 0, 0
Line.LINE294, 0.008567253, 0.0006462156, 0.008567253, 0.0006462156, 0, 0
Line.LINE295, 0.6306763, 0.08471492, 0.6306763, 0.08471492, 0, 0
Line.LINE296, 3.731805, 0.9892058, 3.731805, 0.9892058, 0, 0
Line.LINE297, 0.009541069, 0.0007196692, 0.009541069, 0.0007196692, 0, 0
Line.LINE298, 0.001813412, 0.0001367831, 0.001813412, 0.0001367831, 0, 0
Line.LINE299, 0.003218244, 0.0002427475, 0.003218244, 0.0002427475, 0, 0
Line.LINE300, 0.008595006, 0.000648309, 0.008595006, 0.000648309, 0, 0
Line.LINE301, 0.03848023, 0.002902509, 0.03848023, 0.002902509, 0, 0
Line.LINE302, 4.119994, 0.5534138, 4.119994, 0.5534138, 0, 0
Line.LINE303, 0.8237551, 0.2183563, 0.8237551, 0.2183563, 0, 0
Line.LINE304, 0.01614808, 0.001218027, 0.01614808, 0.001218027, 0, 0
Line.LINE305, 0.002110277, 0.0001591752, 0.002110277, 0.0001591752, 0, 0
Line.LINE306, 0.01866403, 0.001407801, 0.01866403, 0.001407801, 0, 0
Line.LINE307, 0.01069863, 0.0008069822, 0.01069863, 0.0008069822, 0, 0
Line.LINE308, 0.007407853, 0.0005587638, 0.007407853, 0.0005587638, 0, 0
Line.LINE309, 0.3077302, 0.04133554, 0.3077302, 0.04133554, 0, 0
Line.LINE310, 0.2737171, 0.07255537, 0.2737171, 0.07255537, 0, 0
Line.LINE311, 0.0309952, 0.002337923, 0.0309952, 0.002337923, 0, 0
Line.LINE312, 0.004036285, 0.0003044512, 0.004036285, 0.0003044512, 0, 0
Line.LINE313, 0.07894177, 0.005954465, 0.07894177, 0.005954465, 0, 0
Line.LINE314, 0.0110655, 0.0008346549, 0.0110655, 0.0008346549, 0, 0
Line.LINE315, 0.005484906, 0.0004137186, 0.005484906, 0.0004137186, 0, 0
Line.LINE316, 0.06043888, 0.004558818, 0.06043888, 0.004558818, 0, 0
Line.LINE317, 3.388562, 0.4896385, 3.388562, 0.4896385, 0, 0
Line.LINE318, 0.1428611, 0.0378688, 0.1428611, 0.0378688, 0, 0
Line.LINE319, 0.09125508, 0.00688324, 0.09125508, 0.00688324, 0, 0
Line.LINE320, 0.01547986, 0.001167623, 0.01547986, 0.001167623, 0, 0
Line.LINE321, 0.01305236, 0.0009845208, 0.01305236, 0.0009845208, 0, 0
Line.LINE322, 0.006318018, 0.000476559, 0.006318018, 0.000476559, 0, 0
Line.LINE323, 0.3112784, 0.02347929, 0.3112784, 0.02347929, 0, 0
Line.LINE324, 1.62617, 0.2349774, 1.62617, 0.2349774, 0, 0
Line.LINE325, 0.1222935, 0.03241687, 0.1222935, 0.03241687, 0, 0
Line.LINE326, 0.05282687, 0.003984656, 0.05282687, 0.003984656, 0, 0
Line.LINE327, 0.007438107, 0.0005610458, 0.007438107, 0.0005610458, 0, 0
Line.LINE328, 0.006267383, 0.0004727397, 0.006267383, 0.0004727397, 0, 0
Line.LINE329, 0.1086732, 0.008197065, 0.1086732, 0.008197065, 0, 0
Line.LINE330, 0.2160776, 0.01629843, 0.2160776, 0.01629843, 0, 0
Line.LINE331, 3.236838, 0.426541, 3.236838, 0.426541, 0, 0
Line.LINE332, 0.1390869, 0.03686838, 0.1390869, 0.03686838, 0, 0
Line.LINE333, 0.03360237, 0.002534579, 0.03360237, 0.002534579, 0, 0
Line.LINE334, 0.05505965, 0.00415307, 0.05505965, 0.00415307, 0, 0
Line.LINE335, 0.2365202, 0.01784038, 0.2365202, 0.01784038, 0, 0
Line.LINE336, 0.08557745, 0.006454985, 0.08557745, 0.006454985, 0, 0
Line.LINE337, 0.1589572, 0.01198991, 0.1589572, 0.01198991, 0, 0
Line.LINE338, 0.5002369, 0.06469375, 0.5002369, 0.06469375, 0, 0
Line.LINE339, 0.1095766, 0.02904593, 0.1095766, 0.02904593, 0, 0
Line.LINE340, 0.01307735, 0.0009864055, 0.01307735, 0.0009864055, 0, 0
Line.LINE341, 0.1125493, 0.008489433, 0.1125493, 0.008489433, 0, 0
Line.LINE342, 0.04847323, 0.003656267, 0.04847323, 0.003656267, 0, 0
Line.LINE343, 0.02280399, 0.001720072, 0.02280399, 0.001720072, 0, 0
Line.LINE344, 0.07991646, 0.006027985, 0.07991646, 0.006027985, 0, 0
Line.LINE345, 0.4285565, 0.05542359, 0.4285565, 0.05542359, 0, 0
Line.LINE346, 0.09186837, 0.02435195, 0.09186837, 0.02435195, 0, 0
Line.LINE347, 0.004543058, 0.0003426764, 0.004543058, 0.0003426764, 0, 0
Line.LINE348, 0.07253058, 0.005470878, 0.07253058, 0.005470878, 0, 0
Line.LINE349, 0.003175239, 0.0002395037, 0.003175239, 0.0002395037, 0, 0
Line.LINE350, 0.007437011, 0.0005609631, 0.007437011, 0.0005609631, 0, 0
Line.LINE351, 0.3014495, 0.03898533, 0.3014495, 0.03898533, 0, 0
Line.LINE352, 0.08289433, 0.02197316, 0.08289433, 0.02197316, 0, 0
Line.LINE353, 0.003422589, 0.000258161, 0.003422589, 0.000258161, 0, 0
Line.LINE354, 0.003448533, 0.0002601179, 0.003448533, 0.0002601179, 0, 0
Line.LINE355, 0.003071393, 0.0002316708, 0.003071393, 0.0002316708, 0, 0
Line.LINE356, 0.3808878, 0.04925878, 0.3808878, 0.04925878, 0, 0
Line.LINE357, 0.06860627, 0.01818576, 0.06860627, 0.01818576, 0, 0
Line.LINE358, 0.002504123, 0.0001888824, 0.002504123, 0.0001888824, 0, 0
Line.LINE359, 0.003020667, 0.0002278446, 0.003020667, 0.0002278446, 0, 0
Line.LINE360, 0.002167186, 0.0001634678, 0.002167186, 0.0001634678, 0, 0
Line.LINE361, 0.2386611, 0.03086514, 0.2386611, 0.03086514, 0, 0
Line.LINE362, 0.07958734, 0.02109656, 0.07958734, 0.02109656, 0, 0
Line.LINE363, 0.001271608, 9.591556E-005, 0.001271608, 9.591556E-005, 0, 0
Line.LINE364, 0.003209459, 0.0002420849, 0.003209459, 0.0002420849, 0, 0
Line.LINE365, 0.002216695, 0.0001672021, 0.002216695, 0.0001672021, 0, 0
Line.LINE366, 0.3664898, 0.04739675, 0.3664898, 0.04739675, 0, 0
Line.LINE367, 0.08747205, 0.02318659, 0.08747205, 0.02318659, 0, 0
Line.LINE368, 0.001869533, 0.0001410162, 0.001869533, 0.0001410162, 0, 0
Line.LINE369, 0.004580585, 0.000345507, 0.004580585, 0.000345507, 0, 0
Line.LINE370, 0.002615541, 0.0001972865, 0.002615541, 0.0001972865, 0, 0
Line.LINE371, 0.3653474, 0.047249, 0.3653474, 0.047249, 0, 0
Line.LINE372, 0.4768667, 0.1264051, 0.4768667, 0.1264051, 0, 0
Line.LINE373, 0.003133949, 0.0002363893, 0.003133949, 0.0002363893, 0, 0
Line.LINE374, 0.00556854, 0.000420027, 0.00556854, 0.000420027, 0, 0
Line.LINE375, 0.003299318, 0.0002488629, 0.003299318, 0.0002488629, 0, 0
Line.LINE376, 0.4099311, 0.05301485, 0.4099311, 0.05301485, 0, 0
Line.LINE377, 3.283988, 0.8708797, 3.283988, 0.8708797, 0, 0
Line.LINE378, 0.03335509, 0.002515927, 0.03335509, 0.002515927, 0, 0
Line.LINE379, 0.01397876, 0.001054398, 0.01397876, 0.001054398, 0, 0
Line.LINE380, 0.03451559, 0.002603462, 0.03451559, 0.002603462, 0, 0
Line.LINE381, 0.002954861, 0.0002228809, 0.002954861, 0.0002228809, 0, 0
Line.LINE382, 0.2966406, 0.03836341, 0.2966406, 0.03836341, 0, 0
Line.LINE383, 3.145313, 0.8341046, 3.145313, 0.8341046, 0, 0
Line.LINE384, 0.2048047, 0.01544813, 0.2048047, 0.01544813, 0, 0
Line.LINE385, 6.882143E-022, 5.9557E-023, 6.882143E-022, 5.9557E-023, 0, 0
Line.LINE386, 0.05138555, 0.003875938, 0.05138555, 0.003875938, 0, 0
Line.LINE387, 0.1181031, 0.008908345, 0.1181031, 0.008908345, 0, 0
Line.LINE388, 0.002338107, 0.0001763601, 0.002338107, 0.0001763601, 0, 0
Line.LINE389, 0.3535684, 0.04572566, 0.3535684, 0.04572566, 0, 0
Line.LINE390, 0.1400205, 0.03713198, 0.1400205, 0.03713198, 0, 0
Line.LINE391, 0.07485104, 0.005645907, 0.07485104, 0.005645907, 0, 0
Line.LINE392, 4.182225E-021, 3.308722E-022, 4.182225E-021, 3.308722E-022, 0, 0
Line.LINE393, 0.004012754, 0.0003026763, 0.004012754, 0.0003026763, 0, 0
Line.LINE394, 0.5130222, 0.06634723, 0.5130222, 0.06634723, 0, 0
Line.LINE395, 0.3834542, 0.0289234, 0.3834542, 0.0289234, 0, 0
Line.LINE396, 2.25823, 0.5791509, 2.25823, 0.5791509, 0, 0
Line.LINE397, 0.007618855, 0.0005746794, 0.007618855, 0.0005746794, 0, 0
Line.LINE398, 3.441071E-022, 4.632211E-023, 3.441071E-022, 4.632211E-023, 0, 0
Line.LINE399, 0.01400809, 0.00105661, 0.01400809, 0.00105661, 0, 0
Line.LINE400, 0.3803434, 0.04918837, 0.3803434, 0.04918837, 0, 0
Line.LINE401, 0.0351343, 0.00265013, 0.0351343, 0.00265013, 0, 0
Line.LINE402, 1.089469, 0.2794077, 1.089469, 0.2794077, 0, 0
Line.LINE403, 0.005316964, 0.000401051, 0.005316964, 0.000401051, 0, 0
Line.LINE404, 1.323489E-022, 6.617445E-024, 1.323489E-022, 6.617445E-024, 0, 0
Line.LINE405, 0.08564029, 0.006459725, 0.08564029, 0.006459725, 0, 0
Line.LINE406, 0.3669022, 0.04745008, 0.3669022, 0.04745008, 0, 0
Line.LINE407, 0.01997313, 0.001506544, 0.01997313, 0.001506544, 0, 0
Line.LINE408, 3.286758, 0.8429297, 3.286758, 0.8429297, 0, 0
Line.LINE409, 5.950406E-020, 1.365841E-020, 5.950406E-020, 1.365841E-020, 0, 0
Line.LINE410, 0.005507902, 0.0004154532, 0.005507902, 0.0004154532, 0, 0
Line.LINE411, 9.164903E-023, 1.985233E-023, 9.164903E-023, 1.985233E-023, 0, 0
Line.LINE412, 0.3590867, 0.04643933, 0.3590867, 0.04643933, 0, 0
Line.LINE413, 0.01356223, 0.00102298, 0.01356223, 0.00102298, 0, 0
Line.LINE414, 4.681162, 1.200542, 4.681162, 1.200542, 0, 0
Line.LINE415, 1.339956E-020, 2.733005E-021, 1.339956E-020, 2.733005E-021, 0, 0
Line.LINE416, 0.02312998, 0.001744661, 0.02312998, 0.001744661, 0, 0
Line.LINE417, 8.602678E-023, 6.617445E-024, 8.602678E-023, 6.617445E-024, 0, 0
Line.LINE418, 0.4318559, 0.0558503, 0.4318559, 0.0558503, 0, 0
Line.LINE419, 0.02210285, 0.001667186, 0.02210285, 0.001667186, 0, 0
Line.LINE420, 0.9795884, 0.2512275, 0.9795884, 0.2512275, 0, 0
Line.LINE421, 8.152692E-021, 2.117582E-021, 8.152692E-021, 2.117582E-021, 0, 0
Line.LINE422, 0.005647798, 0.0004260053, 0.005647798, 0.0004260053, 0, 0
Line.LINE423, 9.462946E-022, 6.617445E-023, 9.462946E-022, 6.617445E-023, 0, 0
Line.LINE424, 0.7232793, 0.09353898, 0.7232793, 0.09353898, 0, 0
Line.LINE425, 4.757904E-025, 0, 4.757904E-025, 0, 0, 0
Line.LINE426, 0.07347122, 0.005541829, 0.07347122, 0.005541829, 0, 0
Line.LINE427, 0.2503715, 0.06421086, 0.2503715, 0.06421086, 0, 0
Line.LINE428, 1.207022E-020, 2.858736E-021, 1.207022E-020, 2.858736E-021, 0, 0
Line.LINE429, 0.005387385, 0.0004063627, 0.005387385, 0.0004063627, 0, 0
Line.LINE430, 2.97785E-022, 1.323489E-023, 2.97785E-022, 1.323489E-023, 0, 0
Line.LINE431, 2.439567, 0.3155, 2.439567, 0.3155, 0, 0
Line.LINE432, 4.135903E-025, 0, 4.135903E-025, 0, 0, 0
Line.LINE433, 0.0817965, 0.006169793, 0.0817965, 0.006169793, 0, 0
Line.LINE434, 0.131166, 0.03363915, 0.131166, 0.03363915, 0, 0
Line.LINE435, 1.249374E-020, 2.488159E-021, 1.249374E-020, 2.488159E-021, 0, 0
Line.LINE436, 0.005358082, 0.0004041525, 0.005358082, 0.0004041525, 0, 0
Line.LINE437, 7.940934E-023, -1.323489E-023, 7.940934E-023, -1.323489E-023, 0, 0
Line.LINE438, 3.450517, 0.4462423, 3.450517, 0.4462423, 0, 0
Line.LINE439, 8.271806E-025, 1.550964E-025, 8.271806E-025, 1.550964E-025, 0, 0
Line.LINE440, 0.04600203, 0.003469868, 0.04600203, 0.003469868, 0, 0
Line.LINE441, 0.1087351, 0.02788646, 0.1087351, 0.02788646, 0, 0
Line.LINE442, 1.233492E-020, 2.43522E-021, 1.233492E-020, 2.43522E-021, 0, 0
Line.LINE443, 0.006146411, 0.000463615, 0.006146411, 0.000463615, 0, 0
Line.LINE444, 1.985233E-022, 1.985233E-023, 1.985233E-022, 1.985233E-023, 0, 0
Line.LINE445, 2.475944, 0.3202045, 2.475944, 0.3202045, 0, 0
Line.LINE446, 2.481542E-024, -5.218346E-025, 2.481542E-024, -5.218346E-025, 0, 0
Line.LINE447, 0.04321403, 0.003259573, 0.04321403, 0.003259573, 0, 0
Line.LINE448, 0.08812374, 0.02260042, 0.08812374, 0.02260042, 0, 0
Line.LINE449, 1.101143E-020, 2.964615E-021, 1.101143E-020, 2.964615E-021, 0, 0
Line.LINE450, 0.02122627, 0.001601067, 0.02122627, 0.001601067, 0, 0
Line.LINE451, 1.323489E-022, 0, 1.323489E-022, 0, 0, 0
Line.LINE452, 0.7512008, 0.09714997, 0.7512008, 0.09714997, 0, 0
Line.LINE453, 3.30953E-024, -4.135903E-025, 3.30953E-024, -4.135903E-025, 0, 0
Line.LINE454, 0.04122975, 0.003109901, 0.04122975, 0.003109901, 0, 0
Line.LINE455, 0.1347032, 0.0345463, 0.1347032, 0.0345463, 0, 0
Line.LINE456, 5.082198E-021, 8.470329E-022, 5.082198E-021, 8.470329E-022, 0, 0
Line.LINE457, 0.1034398, 0.007802314, 0.1034398, 0.007802314, 0, 0
Line.LINE458, 1.852885E-022, 2.316106E-023, 1.852885E-022, 2.316106E-023, 0, 0
Line.LINE459, 1.575999, 0.2125756, 1.575999, 0.2125756, 0, 0
Line.LINE460, -2.413283E-026, 1.033976E-025, -2.413283E-026, 1.033976E-025, 0, 0
Line.LINE461, 0.08530307, 0.006434289, 0.08530307, 0.006434289, 0, 0
Line.LINE462, 0.0676931, 0.005105994, 0.0676931, 0.005105994, 0, 0
Line.LINE463, 0.1214329, 0.03114296, 0.1214329, 0.03114296, 0, 0
Line.LINE464, 5.188077E-021, 9.529121E-022, 5.188077E-021, 9.529121E-022, 0, 0
Line.LINE465, 1.19114E-022, 6.617445E-024, 1.19114E-022, 6.617445E-024, 0, 0
Line.LINE466, 1.751009, 0.2361816, 1.751009, 0.2361816, 0, 0
Line.LINE467, 1.189728E-024, -2.584939E-025, 1.189728E-024, -2.584939E-025, 0, 0
Line.LINE468, -8.384897E-025, 3.308722E-024, -8.384897E-025, 3.308722E-024, 0, 0
Line.LINE469, 0.01245746, 0.0009396482, 0.01245746, 0.0009396482, 0, 0
Line.LINE470, 0.04714953, 0.003556422, 0.04714953, 0.003556422, 0, 0
Line.LINE471, 0.1155742, 0.02964042, 0.1155742, 0.02964042, 0, 0
Line.LINE472, 1.535247E-021, -1.058791E-022, 1.535247E-021, -1.058791E-022, 0, 0
Line.LINE473, 6.617445E-022, 5.293956E-023, 6.617445E-022, 5.293956E-023, 0, 0
Line.LINE474, 0.6416558, 0.08654851, 0.6416558, 0.08654851, 0, 0
Line.LINE475, 3.308722E-024, 4.135903E-024, 3.308722E-024, 4.135903E-024, 0, 0
Line.LINE476, 0.006792725, 0.0005123656, 0.006792725, 0.0005123656, 0, 0
Line.LINE477, 0.0331283, 0.00249882, 0.0331283, 0.00249882, 0, 0
Line.LINE478, 0.1302013, 0.03339174, 0.1302013, 0.03339174, 0, 0
Line.LINE479, 2.488159E-021, 0, 2.488159E-021, 0, 0, 0
Line.LINE480, 5.293956E-023, -3.308722E-024, 5.293956E-023, -3.308722E-024, 0, 0
Line.LINE481, 0.7069289, 0.0984386, 0.7069289, 0.0984386, 0, 0
Line.LINE482, 1.654361E-024, 3.101927E-025, 1.654361E-024, 3.101927E-025, 0, 0
Line.LINE483, 0.9498513, 0.07164593, 0.9498513, 0.07164593, 0, 0
Line.LINE484, 0.004601538, 0.0003470875, 0.004601538, 0.0003470875, 0, 0
Line.LINE485, 0.0158289, 0.001193951, 0.0158289, 0.001193951, 0, 0
Line.LINE486, 0.1375345, 0.03527243, 0.1375345, 0.03527243, 0, 0
Line.LINE487, 3.388132E-021, 8.470329E-022, 3.388132E-021, 8.470329E-022, 0, 0
Line.LINE488, 3.970467E-023, 1.654361E-023, 3.970467E-023, 1.654361E-023, 0, 0
Line.LINE489, 1.013196, 0.1410857, 1.013196, 0.1410857, 0, 0
Line.LINE490, 3.242281E-025, -5.169879E-025, 3.242281E-025, -5.169879E-025, 0, 0
Line.LINE491, 0.01335492, 0.001007343, 0.01335492, 0.001007343, 0, 0
Line.LINE492, 0.09410121, 0.00709792, 0.09410121, 0.00709792, 0, 0
Line.LINE493, 0.006989441, 0.0005272036, 0.006989441, 0.0005272036, 0, 0
Line.LINE494, 0.01002717, 0.0007563354, 0.01002717, 0.0007563354, 0, 0
Line.LINE495, 0.3007156, 0.07712223, 0.3007156, 0.07712223, 0, 0
Line.LINE496, 5.717472E-021, 1.270549E-021, 5.717472E-021, 1.270549E-021, 0, 0
Line.LINE497, 3.970467E-023, -6.617445E-024, 3.970467E-023, -6.617445E-024, 0, 0
Line.LINE498, 0.6183192, 0.08609985, 0.6183192, 0.08609985, 0, 0
Line.LINE499, -4.135903E-025, 1.033976E-025, -4.135903E-025, 1.033976E-025, 0, 0
Line.LINE500, 0.005644809, 0.0004257799, 0.005644809, 0.0004257799, 0, 0
Line.LINE501, 0.06021405, 0.00454186, 0.06021405, 0.00454186, 0, 0
Line.LINE502, 0.01060717, 0.0008000835, 0.01060717, 0.0008000835, 0, 0
Line.LINE503, 0.006779605, 0.0005113759, 0.006779605, 0.0005113759, 0, 0
Line.LINE504, 6.820335, 1.749159, 6.820335, 1.749159, 0, 0
Line.LINE505, 4.023406E-021, 1.058791E-021, 4.023406E-021, 1.058791E-021, 0, 0
Line.LINE506, 1.375834E-023, 4.135903E-025, 1.375834E-023, 4.135903E-025, 0, 0
Line.LINE507, 0.1064809, 0.01482727, 0.1064809, 0.01482727, 0, 0
Line.LINE508, 1.276354E-023, 5.790264E-024, 1.276354E-023, 5.790264E-024, 0, 0
Line.LINE509, 0.003316779, 0.0002501799, 0.003316779, 0.0002501799, 0, 0
Line.LINE510, 0.007525435, 0.0005676328, 0.007525435, 0.0005676328, 0, 0
Line.LINE511, 0.009456729, 0.0007133075, 0.009456729, 0.0007133075, 0, 0
Line.LINE512, 0.1297549, 0.00978723, 0.1297549, 0.00978723, 0, 0
Line.LINE513, 0.9210666, 0.239557, 0.9210666, 0.239557, 0, 0
Line.LINE514, 3.811648E-021, 3.176374E-022, 3.811648E-021, 3.176374E-022, 0, 0
Line.LINE515, 0.2737514, 0.02959468, 0.2737514, 0.02959468, 0, 0
Line.LINE516, 3.308722E-024, -8.271806E-025, 3.308722E-024, -8.271806E-025, 0, 0
Line.LINE517, 0.437114, 0.03297088, 0.437114, 0.03297088, 0, 0
Line.LINE518, 0.003052435, 0.0002302408, 0.003052435, 0.0002302408, 0, 0
Line.LINE519, 0.005141466, 0.0003878135, 0.005141466, 0.0003878135, 0, 0
Line.LINE520, 0.007217449, 0.0005444019, 0.007217449, 0.0005444019, 0, 0
Line.LINE521, 0.1144263, 0.008631012, 0.1144263, 0.008631012, 0, 0
Line.LINE522, 0.4968896, 0.1292343, 0.4968896, 0.1292343, 0, 0
Line.LINE523, 1.905824E-021, 9.529121E-022, 1.905824E-021, 9.529121E-022, 0, 0
Line.LINE524, 0.2015137, 0.02178522, 0.2015137, 0.02178522, 0, 0
Line.LINE525, 6.591596E-025, 0, 6.591596E-025, 0, 0, 0
Line.LINE526, 0.2582997, 0.01948317, 0.2582997, 0.01948317, 0, 0
Line.LINE527, 0.002719463, 0.0002051252, 0.002719463, 0.0002051252, 0, 0
Line.LINE528, 0.004062768, 0.0003064487, 0.004062768, 0.0003064487, 0, 0
Line.LINE529, 0.05150531, 0.003884972, 0.05150531, 0.003884972, 0, 0
Line.LINE530, 0.07420756, 0.01930039, 0.07420756, 0.01930039, 0, 0
Line.LINE531, 2.964615E-021, 4.235165E-022, 2.964615E-021, 4.235165E-022, 0, 0
Line.LINE532, 0.2743611, 0.0296606, 0.2743611, 0.0296606, 0, 0
Line.LINE533, 2.2388E-024, 8.271806E-025, 2.2388E-024, 8.271806E-025, 0, 0
Line.LINE534, 0.2046628, 0.01543742, 0.2046628, 0.01543742, 0, 0
Line.LINE535, 0.002821134, 0.0002127941, 0.002821134, 0.0002127941, 0, 0
Line.LINE536, 0.01302631, 0.0009825562, 0.01302631, 0.0009825562, 0, 0
Line.LINE537, 0.04539319, 0.003423944, 0.04539319, 0.003423944, 0, 0
Line.LINE538, 0.1318488, 0.00994517, 0.1318488, 0.00994517, 0, 0
Line.LINE539, 0.05664536, 0.01473269, 0.05664536, 0.01473269, 0, 0
Line.LINE540, 1.16467E-021, 6.352747E-022, 1.16467E-021, 6.352747E-022, 0, 0
Line.LINE541, 0.1941534, 0.02098952, 0.1941534, 0.02098952, 0, 0
Line.LINE542, 2.794966E-024, 8.271806E-025, 2.794966E-024, 8.271806E-025, 0, 0
Line.LINE543, 0.0845682, 0.006378858, 0.0845682, 0.006378858, 0, 0
Line.LINE544, 0.008516547, 0.000642391, 0.008516547, 0.000642391, 0, 0
Line.LINE545, 0.1053635, 0.007947418, 0.1053635, 0.007947418, 0, 0
Line.LINE546, 0.05012445, 0.003780816, 0.05012445, 0.003780816, 0, 0
Line.LINE547, 0.05297804, 0.01377887, 0.05297804, 0.01377887, 0, 0
Line.LINE548, 2.117582E-021, 7.411538E-022, 2.117582E-021, 7.411538E-022, 0, 0
Line.LINE549, 0.5429589, 0.05869814, 0.5429589, 0.05869814, 0, 0
Line.LINE550, 1.654361E-024, 0, 1.654361E-024, 0, 0, 0
Line.LINE551, 0.006652455, 0.0005017852, 0.006652455, 0.0005017852, 0, 0
Line.LINE552, 0.08750821, 0.00660062, 0.08750821, 0.00660062, 0, 0
Line.LINE553, 0.008582633, 0.0006473757, 0.008582633, 0.0006473757, 0, 0
Line.LINE554, 0.005246999, 0.0003957736, 0.005246999, 0.0003957736, 0, 0
Line.LINE555, 0.1358656, 0.01024815, 0.1358656, 0.01024815, 0, 0
Line.LINE556, 0.05649447, 0.01469345, 0.05649447, 0.01469345, 0, 0
Line.LINE557, 5.293956E-022, 9.264423E-023, 5.293956E-022, 9.264423E-023, 0, 0
Line.LINE558, 0.3931556, 0.04250322, 0.3931556, 0.04250322, 0, 0
Line.LINE559, 3.995347E-024, -1.654361E-024, 3.995347E-024, -1.654361E-024, 0, 0
Line.LINE560, 0.002447902, 0.0001846418, 0.002447902, 0.0001846418, 0, 0
Line.LINE561, 0.06620046, 0.004993406, 0.06620046, 0.004993406, 0, 0
Line.LINE562, 0.08019284, 0.006048832, 0.08019284, 0.006048832, 0, 0
Line.LINE563, 0.004140065, 0.0003122792, 0.004140065, 0.0003122792, 0, 0
Line.LINE564, 0.04999072, 0.01300191, 0.04999072, 0.01300191, 0, 0
Line.LINE565, 2.646978E-023, 0, 2.646978E-023, 0, 0, 0
Line.LINE566, 0.01582519, 0.001875525, 0.01582519, 0.001875525, 0, 0
Line.LINE567, 3.308722E-024, 0, 3.308722E-024, 0, 0, 0
Line.LINE568, 0.3572367, 0.02694585, 0.3572367, 0.02694585, 0, 0
Line.LINE569, 0.003646333, 0.0002750377, 0.003646333, 0.0002750377, 0, 0
Line.LINE570, 0.004680456, 0.0003530401, 0.004680456, 0.0003530401, 0, 0
Line.LINE571, 0.05113163, 0.01329865, 0.05113163, 0.01329865, 0, 0
Line.LINE572, 0.003747115, 0.0004440899, 0.003747115, 0.0004440899, 0, 0
Line.LINE573, 0, 1.323489E-023, 0, 1.323489E-023, 0, 0
Line.LINE574, 0.04516098, 0.003406428, 0.04516098, 0.003406428, 0, 0
Line.LINE575, 0.002194082, 0.0001654964, 0.002194082, 0.0001654964, 0, 0
Line.LINE576, 0.004165754, 0.0003142169, 0.004165754, 0.0003142169, 0, 0
Line.LINE577, 0.263905, 0.06863813, 0.263905, 0.06863813, 0, 0
Line.LINE578, 0.1015828, 0.0120391, 0.1015828, 0.0120391, 0, 0
Line.LINE579, 4.135903E-025, -3.618915E-025, 4.135903E-025, -3.618915E-025, 0, 0
Line.LINE580, 5.082198E-021, 4.657027E-022, 5.082198E-021, 4.657027E-022, 0, 0
Line.LINE581, 0.03332581, 0.002513718, 0.03332581, 0.002513718, 0, 0
Line.LINE582, 0.002647448, 0.0001996932, 0.002647448, 0.0001996932, 0, 0
Line.LINE583, 0.004794783, 0.0003616636, 0.004794783, 0.0003616636, 0, 0
Line.LINE584, 0.1102812, 0.008318352, 0.1102812, 0.008318352, 0, 0
Line.LINE585, 0.5070655, 0.1323917, 0.5070655, 0.1323917, 0, 0
Line.LINE586, 0.0711907, 0.008437177, 0.0711907, 0.008437177, 0, 0
Line.LINE587, 2.211739E-024, 8.271806E-025, 2.211739E-024, 8.271806E-025, 0, 0
Line.LINE588, 2.43522E-021, 4.400601E-022, 2.43522E-021, 4.400601E-022, 0, 0
Line.LINE589, 0.03242627, 0.002445867, 0.03242627, 0.002445867, 0, 0
Line.LINE590, 0.002324572, 0.0001753391, 0.002324572, 0.0001753391, 0, 0
Line.LINE591, 0.004916284, 0.0003708283, 0.004916284, 0.0003708283, 0, 0
Line.LINE592, 0.006355187, 0.0004793627, 0.006355187, 0.0004793627, 0, 0
Line.LINE593, 2.423111, 0.6326592, 2.423111, 0.6326592, 0, 0
Line.LINE594, 0.09045245, 0.008653847, 0.09045245, 0.008653847, 0, 0
Line.LINE595, 0.01094773, 0.001047401, 0.01094773, 0.001047401, 0, 0
Line.LINE596, 1.799945E-021, 3.838118E-022, 1.799945E-021, 3.838118E-022, 0, 0
Line.LINE597, 0.3046008, 0.02297561, 0.3046008, 0.02297561, 0, 0
Line.LINE598, 0.01521122, 0.001147361, 0.01521122, 0.001147361, 0, 0
Line.LINE599, 0.005909354, 0.0004457341, 0.005909354, 0.0004457341, 0, 0
Line.LINE600, 0.00319181, 0.0002407537, 0.00319181, 0.0002407537, 0, 0
Line.LINE601, 0.2163172, 0.0163165, 0.2163172, 0.0163165, 0, 0
Line.LINE602, 2.700056, 0.6829537, 2.700056, 0.6829537, 0, 0
Line.LINE603, 0.0806641, 0.007717367, 0.0806641, 0.007717367, 0, 0
Line.LINE604, 3.722313E-024, 0, 3.722313E-024, 0, 0, 0
Line.LINE605, 1.240771E-024, -4.135903E-025, 1.240771E-024, -4.135903E-025, 0, 0
Line.LINE606, 0.276202, 0.02083353, 0.276202, 0.02083353, 0, 0
Line.LINE607, -7.101641E-026, 6.462349E-026, -7.101641E-026, 6.462349E-026, 0, 0
Line.LINE608, 3.811648E-021, 4.76456E-022, 3.811648E-021, 4.76456E-022, 0, 0
Line.LINE609, 0.141764, 0.01069305, 0.141764, 0.01069305, 0, 0
Line.LINE610, 0.1121568, 0.00845983, 0.1121568, 0.00845983, 0, 0
Line.LINE611, 0.003704744, 0.0002794436, 0.003704744, 0.0002794436, 0, 0
Line.LINE612, 0.002676506, 0.000201885, 0.002676506, 0.000201885, 0, 0
Line.LINE613, 0.1141512, 0.008610264, 0.1141512, 0.008610264, 0, 0
Line.LINE614, 2.586177, 0.6541491, 2.586177, 0.6541491, 0, 0
Line.LINE615, 0.09829196, 0.006646632, 0.09829196, 0.006646632, 0, 0
Line.LINE616, -7.334766E-025, 6.203855E-025, -7.334766E-025, 6.203855E-025, 0, 0
Line.LINE617, -7.334766E-025, 6.203855E-025, -7.334766E-025, 6.203855E-025, 0, 0
Line.LINE618, 0.06500961, 0.004903582, 0.06500961, 0.004903582, 0, 0
Line.LINE619, 1.058791E-021, 1.455838E-022, 1.058791E-021, 1.455838E-022, 0, 0
Line.LINE620, 0.06653558, 0.005018684, 0.06653558, 0.005018684, 0, 0
Line.LINE621, 0.01592174, 0.001200954, 0.01592174, 0.001200954, 0, 0
Line.LINE622, 0.002182597, 0.0001646302, 0.002182597, 0.0001646302, 0, 0
Line.LINE623, 0.03800731, 0.002866837, 0.03800731, 0.002866837, 0, 0
Line.LINE624, 0.6529294, 0.1640474, 0.6529294, 0.1640474, 0, 0
Line.LINE625, 0.1338963, 0.009054242, 0.1338963, 0.009054242, 0, 0
Line.LINE626, 1.588187E-021, 2.97785E-022, 1.588187E-021, 2.97785E-022, 0, 0
Line.LINE627, 0.04438026, 0.00334754, 0.04438026, 0.00334754, 0, 0
Line.LINE628, 0.06712419, 0.005063081, 0.06712419, 0.005063081, 0, 0
Line.LINE629, 0.003426039, 0.0002584213, 0.003426039, 0.0002584213, 0, 0
Line.LINE630, 0.009319499, 0.0007029565, 0.009319499, 0.0007029565, 0, 0
Line.LINE631, 0.1502192, 0.0377423, 0.1502192, 0.0377423, 0, 0
Line.LINE632, 0.03927327, 0.00265571, 0.03927327, 0.00265571, 0, 0
Line.LINE633, 2.964615E-021, 2.646978E-022, 2.964615E-021, 2.646978E-022, 0, 0
Line.LINE634, 0.06784916, 0.005117765, 0.06784916, 0.005117765, 0, 0
Line.LINE635, 0.008169589, 0.0006162204, 0.008169589, 0.0006162204, 0, 0
Line.LINE636, 0.006399442, 0.0004827008, 0.006399442, 0.0004827008, 0, 0
Line.LINE637, 0.07454594, 0.01872954, 0.07454594, 0.01872954, 0, 0
Line.LINE638, 0.1299872, 0.008789905, 0.1299872, 0.008789905, 0, 0
Line.LINE639, 5.823352E-022, -2.646978E-023, 5.823352E-022, -2.646978E-023, 0, 0
Line.LINE640, 0.1325086, 0.009994935, 0.1325086, 0.009994935, 0, 0
Line.LINE641, 0.005652033, 0.0004263248, 0.005652033, 0.0004263248, 0, 0
Line.LINE642, 0.008871012, 0.0006691277, 0.008871012, 0.0006691277, 0, 0
Line.LINE643, 0.08192017, 0.0205823, 0.08192017, 0.0205823, 0, 0
Line.LINE644, 3.705769E-022, 2.646978E-023, 3.705769E-022, 2.646978E-023, 0, 0
Line.LINE645, 0.03662878, 0.002762857, 0.03662878, 0.002762857, 0, 0
Line.LINE646, 0.007186526, 0.0005420694, 0.007186526, 0.0005420694, 0, 0
Line.LINE647, 0.02103582, 0.001586702, 0.02103582, 0.001586702, 0, 0
Line.LINE648, 0.09452367, 0.02374891, 0.09452367, 0.02374891, 0, 0
Line.LINE649, 2.119973E-023, 3.970467E-023, 2.119973E-023, 3.970467E-023, 0, 0
Line.LINE650, 0.01063392, 0.0008021016, 0.01063392, 0.0008021016, 0, 0
Line.LINE651, 0.004365753, 0.0003293025, 0.004365753, 0.0003293025, 0, 0
Line.LINE652, 0.01599069, 0.001206155, 0.01599069, 0.001206155, 0, 0
Line.LINE653, 0.095557, 0.02400853, 0.095557, 0.02400853, 0, 0
Line.LINE654, 3.705769E-022, -2.646978E-023, 3.705769E-022, -2.646978E-023, 0, 0
Line.LINE655, 0.002306104, 0.0001739461, 0.002306104, 0.0001739461, 0, 0
Line.LINE656, 0.0122496, 0.0009239701, 0.0122496, 0.0009239701, 0, 0
Line.LINE657, 0.003941344, 0.0002972899, 0.003941344, 0.0002972899, 0, 0
Line.LINE658, 0.01122522, 0.0008467023, 0.01122522, 0.0008467023, 0, 0
Line.LINE659, 0.1059373, 0.02661656, 0.1059373, 0.02661656, 0, 0
Line.LINE660, 6.617445E-022, 8.271806E-023, 6.617445E-022, 8.271806E-023, 0, 0
Line.LINE661, 0.002158317, 0.0001627988, 0.002158317, 0.0001627988, 0, 0
Line.LINE662, 0.01616416, 0.001219239, 0.01616416, 0.001219239, 0, 0
Line.LINE663, 0.006647216, 0.00050139, 0.006647216, 0.00050139, 0, 0
Line.LINE664, 0.0117594, 0.0008869947, 0.0117594, 0.0008869947, 0, 0
Line.LINE665, 0.154055, 0.03870605, 0.154055, 0.03870605, 0, 0
Line.LINE666, 3.176374E-022, 1.124966E-022, 3.176374E-022, 1.124966E-022, 0, 0
Line.LINE667, 0.002223345, 0.0001677038, 0.002223345, 0.0001677038, 0, 0
Line.LINE668, 0.06715339, 0.005065284, 0.06715339, 0.005065284, 0, 0
Line.LINE669, 0.006535112, 0.0004929342, 0.006535112, 0.0004929342, 0, 0
Line.LINE670, 0.009654584, 0.0007282315, 0.009654584, 0.0007282315, 0, 0
Line.LINE671, 0.1001548, 0.007554533, 0.1001548, 0.007554533, 0, 0
Line.LINE672, 0.2564035, 0.06740517, 0.2564035, 0.06740517, 0, 0
Line.LINE673, 5.293956E-023, 4.632211E-023, 5.293956E-023, 4.632211E-023, 0, 0
Line.LINE674, 0.01607529, 0.001212536, 0.01607529, 0.001212536, 0, 0
Line.LINE675, 0.02851843, 0.002151105, 0.02851843, 0.002151105, 0, 0
Line.LINE676, 0.003092059, 0.0002332296, 0.003092059, 0.0002332296, 0, 0
Line.LINE677, 0.01598533, 0.001205751, 0.01598533, 0.001205751, 0, 0
Line.LINE678, 0.06014295, 0.004536496, 0.06014295, 0.004536496, 0, 0
Line.LINE679, 1.623606, 0.4268249, 1.623606, 0.4268249, 0, 0
Line.LINE680, 6.617445E-024, 4.963084E-024, 6.617445E-024, 4.963084E-024, 0, 0
Line.LINE681, 0.117062, 0.008829822, 0.117062, 0.008829822, 0, 0
Line.LINE682, 0.003396207, 0.0002561711, 0.003396207, 0.0002561711, 0, 0
Line.LINE683, 0.05165986, 0.003896629, 0.05165986, 0.003896629, 0, 0
Line.LINE684, 0.05579129, 0.004208257, 0.05579129, 0.004208257, 0, 0
Line.LINE685, 1.162174, 0.3055204, 1.162174, 0.3055204, 0, 0
Line.LINE686, 0.003259632, 0.0002458694, 0.003259632, 0.0002458694, 0, 0
Line.LINE687, 0.1207097, 0.009104957, 0.1207097, 0.009104957, 0, 0
Line.LINE688, 0.0544374, 0.004106135, 0.0544374, 0.004106135, 0, 0
Line.LINE689, 0.7680002, 0.05792916, 0.7680002, 0.05792916, 0, 0
Line.LINE690, 2.906711, 0.6903787, 2.906711, 0.6903787, 0, 0
Line.LINE691, 0.003931089, 0.0002965164, 0.003931089, 0.0002965164, 0, 0
Line.LINE692, 0.0408317, 0.003079877, 0.0408317, 0.003079877, 0, 0
Line.LINE693, 0.01795307, 0.001354174, 0.01795307, 0.001354174, 0, 0
Line.LINE694, 0.05012202, 0.003780633, 0.05012202, 0.003780633, 0, 0
Line.LINE695, 0.2204591, 0.01662891, 0.2204591, 0.01662891, 0, 0
Line.LINE696, 0.4680613, 0.1148021, 0.4680613, 0.1148021, 0, 0
Line.LINE697, 0.006270584, 0.0004729812, 0.006270584, 0.0004729812, 0, 0
Line.LINE698, 0.06486384, 0.004892587, 0.06486384, 0.004892587, 0, 0
Line.LINE699, 0.005617627, 0.0004237296, 0.005617627, 0.0004237296, 0, 0
Line.LINE700, 0.1021064, 0.007701743, 0.1021064, 0.007701743, 0, 0
Line.LINE701, 0.1277178, 0.009633571, 0.1277178, 0.009633571, 0, 0
Line.LINE702, 0.8739969, 0.1298205, 0.8739969, 0.1298205, 0, 0
Line.LINE703, 0.01716189, 0.001294497, 0.01716189, 0.001294497, 0, 0
Line.LINE704, 0.1093629, 0.008249091, 0.1093629, 0.008249091, 0, 0
Line.LINE705, 0.003611972, 0.0002724459, 0.003611972, 0.0002724459, 0, 0
Line.LINE706, 2.305458, 0.3424449, 2.305458, 0.3424449, 0, 0
Line.LINE707, 2.596417E-021, 4.76456E-022, 2.596417E-021, 4.76456E-022, 0, 0
Line.LINE708, 0.02283933, 0.001722738, 0.02283933, 0.001722738, 0, 0
Line.LINE709, 0.8194502, 0.06180996, 0.8194502, 0.06180996, 0, 0
Line.LINE710, 0.00217864, 0.0001643317, 0.00217864, 0.0001643317, 0, 0
Line.LINE711, 1.898555, 0.2718699, 1.898555, 0.2718699, 0, 0
Line.LINE712, 0.3655602, 0.02757368, 0.3655602, 0.02757368, 0, 0
Line.LINE713, 1.694066E-021, 3.705769E-022, 1.694066E-021, 3.705769E-022, 0, 0
Line.LINE714, 0.002175372, 0.0001640852, 0.002175372, 0.0001640852, 0, 0
Line.LINE715, 0.6722534, 0.05070711, 0.6722534, 0.05070711, 0, 0
Line.LINE716, 0.002201978, 0.000166092, 0.002201978, 0.000166092, 0, 0
Line.LINE717, 1.959516, 0.2805994, 1.959516, 0.2805994, 0, 0
Line.LINE718, 0.03913407, 0.002951827, 0.03913407, 0.002951827, 0, 0
Line.LINE719, 2.43522E-021, 2.911676E-022, 2.43522E-021, 2.911676E-022, 0, 0
Line.LINE720, 0.001720408, 0.0001297679, 0.001720408, 0.0001297679, 0, 0
Line.LINE721, 0.2129932, 0.01606577, 0.2129932, 0.01606577, 0, 0
Line.LINE722, 0.00196683, 0.0001483551, 0.00196683, 0.0001483551, 0, 0
Line.LINE723, 0.3651917, 0.05839715, 0.3651917, 0.05839715, 0, 0
Line.LINE724, 0.8668762, 0.06538723, 0.8668762, 0.06538723, 0, 0
Line.LINE725, 0.01494193, 0.001127049, 0.01494193, 0.001127049, 0, 0
Line.LINE726, 2.38228E-021, 2.43036E-022, 2.38228E-021, 2.43036E-022, 0, 0
Line.LINE727, 0.001670928, 0.0001260357, 0.001670928, 0.0001260357, 0, 0
Line.LINE728, 0.1939031, 0.01462583, 0.1939031, 0.01462583, 0, 0
Line.LINE729, 0.002215934, 0.0001671447, 0.002215934, 0.0001671447, 0, 0
Line.LINE730, 0.4962386, 0.07935264, 0.4962386, 0.07935264, 0, 0
Line.LINE731, 0.1162852, 0.008771228, 0.1162852, 0.008771228, 0, 0
Line.LINE732, 0.01580561, 0.001192194, 0.01580561, 0.001192194, 0, 0
Line.LINE733, 1.561717E-021, 5.029258E-022, 1.561717E-021, 5.029258E-022, 0, 0
Line.LINE734, 0.001789744, 0.0001349979, 0.001789744, 0.0001349979, 0, 0
Line.LINE735, 0.10561, 0.007966012, 0.10561, 0.007966012, 0, 0
Line.LINE736, 0.001775411, 0.0001339167, 0.001775411, 0.0001339167, 0, 0
Line.LINE737, 0.5809954, 0.09290594, 0.5809954, 0.09290594, 0, 0
Line.LINE738, 0.06109356, 0.0046082, 0.06109356, 0.0046082, 0, 0
Line.LINE739, 0.01311728, 0.0009894177, 0.01311728, 0.0009894177, 0, 0
Line.LINE740, 1.368157E-021, 2.117582E-022, 1.368157E-021, 2.117582E-022, 0, 0
Line.LINE741, 0.001654754, 0.0001248157, 0.001654754, 0.0001248157, 0, 0
Line.LINE742, 0.08434615, 0.00636211, 0.08434615, 0.00636211, 0, 0
Line.LINE743, 0.002129606, 0.0001606332, 0.002129606, 0.0001606332, 0, 0
Line.LINE744, 0.466516, 0.07459973, 0.466516, 0.07459973, 0, 0
Line.LINE745, 0.08667885, 0.006538062, 0.08667885, 0.006538062, 0, 0
Line.LINE746, 0.002829057, 0.0002133917, 0.002829057, 0.0002133917, 0, 0
Line.LINE747, 0.01553409, 0.001171714, 0.01553409, 0.001171714, 0, 0
Line.LINE748, 2.196992E-021, 3.441071E-022, 2.196992E-021, 3.441071E-022, 0, 0
Line.LINE749, 0.001559431, 0.0001176256, 0.001559431, 0.0001176256, 0, 0
Line.LINE750, 0.07192329, 0.005425071, 0.07192329, 0.005425071, 0, 0
Line.LINE751, 0.002294906, 0.0001731015, 0.002294906, 0.0001731015, 0, 0
Line.LINE752, 0.159795, 0.0190063, 0.159795, 0.0190063, 0, 0
Line.LINE753, 0.5577429, 0.04206975, 0.5577429, 0.04206975, 0, 0
Line.LINE754, 0.07045917, 0.005314634, 0.07045917, 0.005314634, 0, 0
Line.LINE755, 0.002045815, 0.0001543129, 0.002045815, 0.0001543129, 0, 0
Line.LINE756, 0.01514951, 0.001142706, 0.01514951, 0.001142706, 0, 0
Line.LINE757, 1.747005E-021, -1.058791E-022, 1.747005E-021, -1.058791E-022, 0, 0
Line.LINE758, 0.002168869, 0.0001635947, 0.002168869, 0.0001635947, 0, 0
Line.LINE759, 0.08440248, 0.006366358, 0.08440248, 0.006366358, 0, 0
Line.LINE760, 0.004186936, 0.0003158146, 0.004186936, 0.0003158146, 0, 0
Line.LINE761, 0.2203109, 0.02620417, 0.2203109, 0.02620417, 0, 0
Line.LINE762, 0.4661999, 0.03516479, 0.4661999, 0.03516479, 0, 0
Line.LINE763, 0.001726485, 0.0001302263, 0.001726485, 0.0001302263, 0, 0
Line.LINE764, 0.02082733, 0.001570976, 0.02082733, 0.001570976, 0, 0
Line.LINE765, 1.045556E-021, 1.588187E-022, 1.045556E-021, 1.588187E-022, 0, 0
Line.LINE766, 0.002657861, 0.0002004786, 0.002657861, 0.0002004786, 0, 0
Line.LINE767, 0.07712191, 0.005817195, 0.07712191, 0.005817195, 0, 0
Line.LINE768, 0.03132481, 0.002362786, 0.03132481, 0.002362786, 0, 0
Line.LINE769, 0.5419716, 0.06446307, 0.5419716, 0.06446307, 0, 0
Line.LINE770, 0.08476726, 0.006393874, 0.08476726, 0.006393874, 0, 0
Line.LINE771, 0.003069576, 0.0002315337, 0.003069576, 0.0002315337, 0, 0
Line.LINE772, 0.002916234, 0.0002199673, 0.002916234, 0.0002199673, 0, 0
Line.LINE773, 0.02865137, 0.002161132, 0.02865137, 0.002161132, 0, 0
Line.LINE774, 9.529121E-022, 2.117582E-022, 9.529121E-022, 2.117582E-022, 0, 0
Line.LINE775, 0.01259757, 0.0009502167, 0.01259757, 0.0009502167, 0, 0
Line.LINE776, 0.1196455, 0.009024685, 0.1196455, 0.009024685, 0, 0
Line.LINE777, 0.09599471, 0.007240744, 0.09599471, 0.007240744, 0, 0
Line.LINE778, 0.4392758, 0.05224825, 0.4392758, 0.05224825, 0, 0
Line.LINE779, 0.08306283, 0.006265311, 0.08306283, 0.006265311, 0, 0
Line.LINE780, 0.002934908, 0.0002213759, 0.002934908, 0.0002213759, 0, 0
Line.LINE781, 0.00408384, 0.0003080382, 0.00408384, 0.0003080382, 0, 0
Line.LINE782, 0.03032126, 0.002287089, 0.03032126, 0.002287089, 0, 0
Line.LINE783, 5.500751E-022, 5.293956E-023, 5.500751E-022, 5.293956E-023, 0, 0
Line.LINE784, 0.1077128, 0.008124624, 0.1077128, 0.008124624, 0, 0
Line.LINE785, 0.2415523, 0.01821994, 0.2415523, 0.01821994, 0, 0
Line.LINE786, 0.3432373, 0.04082526, 0.3432373, 0.04082526, 0, 0
Line.LINE787, 0.003163985, 0.0002386548, 0.003163985, 0.0002386548, 0, 0
Line.LINE788, 0.003030305, 0.0002285716, 0.003030305, 0.0002285716, 0, 0
Line.LINE789, 0.02014158, 0.001519251, 0.02014158, 0.001519251, 0, 0
Line.LINE790, 4.76456E-022, 2.646978E-022, 4.76456E-022, 2.646978E-022, 0, 0
Line.LINE791, 0.03206883, 0.002418906, 0.03206883, 0.002418906, 0, 0
Line.LINE792, 0.04779537, 0.003605137, 0.04779537, 0.003605137, 0, 0
Line.LINE793, 0.3102202, 0.03689814, 0.3102202, 0.03689814, 0, 0
Line.LINE794, 0.002825197, 0.0002131005, 0.002825197, 0.0002131005, 0, 0
Line.LINE795, 0.005019826, 0.0003786383, 0.005019826, 0.0003786383, 0, 0
Line.LINE796, 0.02049928, 0.001546232, 0.02049928, 0.001546232, 0, 0
Line.LINE797, 2.265958E-022, 0, 2.265958E-022, 0, 0, 0
Line.LINE798, 0.02796705, 0.002109515, 0.02796705, 0.002109515, 0, 0
Line.LINE799, 0.07647955, 0.005768743, 0.07647955, 0.005768743, 0, 0
Line.LINE800, 0.01902051, 0.00143469, 0.01902051, 0.00143469, 0, 0
Line.LINE801, 0.1072716, 0.01785391, 0.1072716, 0.01785391, 0, 0
Line.LINE802, 0.003119959, 0.000235334, 0.003119959, 0.000235334, 0, 0
Line.LINE803, 0.03484271, 0.002628136, 0.03484271, 0.002628136, 0, 0
Line.LINE804, 0.009801588, 0.0007393198, 0.009801588, 0.0007393198, 0, 0
Line.LINE805, 2.646978E-023, -1.985233E-023, 2.646978E-023, -1.985233E-023, 0, 0
Line.LINE806, 0.02313002, 0.001744664, 0.02313002, 0.001744664, 0, 0
Line.LINE807, 0.0653443, 0.004928827, 0.0653443, 0.004928827, 0, 0
Line.LINE808, 0.01907047, 0.001438459, 0.01907047, 0.001438459, 0, 0
Line.LINE809, 0.204709, 0.0195851, 0.204709, 0.0195851, 0, 0
Line.LINE810, 1.654361E-024, 4.135903E-025, 1.654361E-024, 4.135903E-025, 0, 0
Line.LINE811, 0.00201154, 0.0001517276, 0.00201154, 0.0001517276, 0, 0
Line.LINE812, 0.07696325, 0.005805228, 0.07696325, 0.005805228, 0, 0
Line.LINE813, 0.01559061, 0.001175978, 0.01559061, 0.001175978, 0, 0
Line.LINE814, 1.058791E-022, 1.323489E-023, 1.058791E-022, 1.323489E-023, 0, 0
Line.LINE815, 0.01798703, 0.001356736, 0.01798703, 0.001356736, 0, 0
Line.LINE816, 0.03698231, 0.002789523, 0.03698231, 0.002789523, 0, 0
Line.LINE817, 0.01910749, 0.001441251, 0.01910749, 0.001441251, 0, 0
Line.LINE818, 0.1716416, 0.01642144, 0.1716416, 0.01642144, 0, 0
Line.LINE819, 3.215018E-025, -8.271806E-025, 3.215018E-025, -8.271806E-025, 0, 0
Line.LINE820, 0.003089588, 0.0002330432, 0.003089588, 0.0002330432, 0, 0
Line.LINE821, 0.01463612, 0.001103982, 0.01463612, 0.001103982, 0, 0
Line.LINE822, 2.702554E-023, 6.617445E-024, 2.702554E-023, 6.617445E-024, 0, 0
Line.LINE823, 0.01829392, 0.001379884, 0.01829392, 0.001379884, 0, 0
Line.LINE824, 0.01899182, 0.001432526, 0.01899182, 0.001432526, 0, 0
Line.LINE825, 0.1845104, 0.01765264, 0.1845104, 0.01765264, 0, 0
Line.LINE826, -4.000598E-025, 0, -4.000598E-025, 0, 0, 0
Line.LINE827, 0.02541264, 0.001916839, 0.02541264, 0.001916839, 0, 0
Line.LINE828, 0.02091259, 0.001577407, 0.02091259, 0.001577407, 0, 0
Line.LINE829, 6.617445E-024, 2.901594E-024, 6.617445E-024, 2.901594E-024, 0, 0
Line.LINE830, 0.01587587, 0.001197494, 0.01587587, 0.001197494, 0, 0
Line.LINE831, 0.019064, 0.00143797, 0.019064, 0.00143797, 0, 0
Line.LINE832, 0.1514896, 0.01449344, 0.1514896, 0.01449344, 0, 0
Line.LINE833, 0, -8.271806E-025, 0, -8.271806E-025, 0, 0
Line.LINE834, 0.08758345, 0.006606294, 0.08758345, 0.006606294, 0, 0
Line.LINE835, 0.2207466, 0.0166506, 0.2207466, 0.0166506, 0, 0
Line.LINE836, 0.01140229, 0.0008600587, 0.01140229, 0.0008600587, 0, 0
Line.LINE837, 0.01905104, 0.001436993, 0.01905104, 0.001436993, 0, 0
Line.LINE838, 0.1626407, 0.01556031, 0.1626407, 0.01556031, 0, 0
Line.LINE839, 0, -1.240771E-024, 0, -1.240771E-024, 0, 0
Line.LINE840, 0.08829306, 0.006659819, 0.08829306, 0.006659819, 0, 0
Line.LINE841, 0.01323808, 0.0009985296, 0.01323808, 0.0009985296, 0, 0
Line.LINE842, 0.01906307, 0.0014379, 0.01906307, 0.0014379, 0, 0
Line.LINE843, 0.4792996, 0.03241087, 0.4792996, 0.03241087, 0, 0
Line.LINE844, 7.14684E-022, 5.790264E-023, 7.14684E-022, 5.790264E-023, 0, 0
Line.LINE845, 1.51946E-024, 5.169879E-025, 1.51946E-024, 5.169879E-025, 0, 0
Line.LINE846, 0.04483506, 0.003381845, 0.04483506, 0.003381845, 0, 0
Line.LINE847, 0.01994335, 0.001504298, 0.01994335, 0.001504298, 0, 0
Line.LINE848, 0.009305288, 0.0007018846, 0.009305288, 0.0007018846, 0, 0
Line.LINE849, 0.07012293, 0.004741805, 0.07012293, 0.004741805, 0, 0
Line.LINE850, 8.073283E-022, 7.444626E-023, 8.073283E-022, 7.444626E-023, 0, 0
Line.LINE851, 8.271806E-025, 6.203855E-025, 8.271806E-025, 6.203855E-025, 0, 0
Line.LINE852, 0.009921131, 0.0007483367, 0.009921131, 0.0007483367, 0, 0
Line.LINE853, 0.03258341, 0.00245772, 0.03258341, 0.00245772, 0, 0
Line.LINE854, 0.2091376, 0.01577495, 0.2091376, 0.01577495, 0, 0
Line.LINE855, 0.1975521, 0.01335874, 0.1975521, 0.01335874, 0, 0
Line.LINE856, 1.283784E-021, 8.437242E-023, 1.283784E-021, 8.437242E-023, 0, 0
Line.LINE857, 1.654361E-024, 1.033976E-025, 1.654361E-024, 1.033976E-025, 0, 0
Line.LINE858, 0.007813377, 0.0005893519, 0.007813377, 0.0005893519, 0, 0
Line.LINE859, 0.06537152, 0.00493088, 0.06537152, 0.00493088, 0, 0
Line.LINE860, 0.1740379, 0.01312743, 0.1740379, 0.01312743, 0, 0
Line.LINE861, 0.1359982, 0.01025815, 0.1359982, 0.01025815, 0, 0
Line.LINE862, 0.2319757, 0.01568651, 0.2319757, 0.01568651, 0, 0
Line.LINE863, 5.293956E-022, 4.67357E-023, 5.293956E-022, 4.67357E-023, 0, 0
Line.LINE864, 8.271806E-025, 4.135903E-025, 8.271806E-025, 4.135903E-025, 0, 0
Line.LINE865, 0.008371522, 0.0006314519, 0.008371522, 0.0006314519, 0, 0
Line.LINE866, 0.1189441, 0.008971783, 0.1189441, 0.008971783, 0, 0
Line.LINE867, 0.03009226, 0.002034879, 0.03009226, 0.002034879, 0, 0
Line.LINE868, 2.117582E-022, 1.654361E-024, 2.117582E-022, 1.654361E-024, 0, 0
Line.LINE869, 4.963084E-024, 1.240771E-024, 4.963084E-024, 1.240771E-024, 0, 0
Line.LINE870, 0.006697829, 0.0005052077, 0.006697829, 0.0005052077, 0, 0
Line.LINE871, 0.1247645, 0.00941081, 0.1247645, 0.00941081, 0, 0
Line.LINE872, 0.00945565, 0.0006394035, 0.00945565, 0.0006394035, 0, 0
Line.LINE873, 0.02103947, 0.001422717, 0.02103947, 0.001422717, 0, 0
Line.LINE874, 1.323489E-022, -1.985233E-023, 1.323489E-022, -1.985233E-023, 0, 0
Line.LINE875, 1.985233E-023, 6.203855E-024, 1.985233E-023, 6.203855E-024, 0, 0
Line.LINE876, 0.006503317, 0.0004905359, 0.006503317, 0.0004905359, 0, 0
Line.LINE877, 0.2130334, 0.0160688, 0.2130334, 0.0160688, 0, 0
Line.LINE878, 0.008749566, 0.0005916572, 0.008749566, 0.0005916572, 0, 0
Line.LINE879, 0.04923803, 0.003329541, 0.04923803, 0.003329541, 0, 0
Line.LINE880, 4.084608E-024, -8.271806E-025, 4.084608E-024, -8.271806E-025, 0, 0
Line.LINE881, 4.084608E-024, -8.271806E-025, 4.084608E-024, -8.271806E-025, 0, 0
Line.LINE882, 0.006486822, 0.0004892917, 0.006486822, 0.0004892917, 0, 0
Line.LINE883, 0.05225249, 0.003941331, 0.05225249, 0.003941331, 0, 0
Line.LINE884, 0.01330448, 0.0008996667, 0.01330448, 0.0008996667, 0, 0
Line.LINE885, 0.1168073, 0.007898666, 0.1168073, 0.007898666, 0, 0
Line.LINE886, 0.006410926, 0.000483567, 0.006410926, 0.000483567, 0, 0
Line.LINE887, 0.01441047, 0.001086961, 0.01441047, 0.001086961, 0, 0
Line.LINE888, 0.05209024, 0.005759979, 0.05209024, 0.005759979, 0, 0
Line.LINE889, 0.01681323, 0.001136933, 0.01681323, 0.001136933, 0, 0
Line.LINE890, 0.1146407, 0.008647183, 0.1146407, 0.008647183, 0, 0
Line.LINE891, 0.02366081, 0.001784701, 0.02366081, 0.001784701, 0, 0
Line.LINE892, 0.04417953, 0.004885237, 0.04417953, 0.004885237, 0, 0
Line.LINE893, 0.06545357, 0.004426057, 0.06545357, 0.004426057, 0, 0
Line.LINE894, 0.1349289, 0.0101775, 0.1349289, 0.0101775, 0, 0
Line.LINE895, 0.07550498, 0.005695233, 0.07550498, 0.005695233, 0, 0
Line.LINE896, 0.004678261, 0.0003528746, 0.004678261, 0.0003528746, 0, 0
Line.LINE897, 0.07425673, 0.00821108, 0.07425673, 0.00821108, 0, 0
Line.LINE898, 0.1189007, 0.008040223, 0.1189007, 0.008040223, 0, 0
Line.LINE899, 0.08960826, 0.006759023, 0.08960826, 0.006759023, 0, 0
Line.LINE900, 0.00395303, 0.0002981714, 0.00395303, 0.0002981714, 0, 0
Line.LINE901, 0.003331205, 0.0002512681, 0.003331205, 0.0002512681, 0, 0
Line.LINE902, 0.004333343, 0.0003268579, 0.004333343, 0.0003268579, 0, 0
Line.LINE903, 0.007842675, 0.0005915618, 0.007842675, 0.0005915618, 0, 0
Line.LINE904, 0.01359779, 0.001025662, 0.01359779, 0.001025662, 0, 0
Line.LINE905, 0.1113802, 0.008401252, 0.1113802, 0.008401252, 0, 0
Transformer.TR1, 17.82518, 178.985, 17.82518, 178.985, 0, 0
